code,股票简称,最新涨跌幅,量比,换手率,所属同花顺行业,所属概念,所属概念数量,最新dde大单净额,资金面评分,a股市值(不含限售股)
603176,汇通集团,-9.941520468,2.707,10.696,建筑装饰-建筑装饰-基础建设,新型城镇化;PPP概念;雄安新区;水利;乡村振兴;京津冀一体化,6,-54997703.0,13.230620726666666,2844773200.0
000567,海德股份,-9.974093264,0.713,1.538,非银金融-多元金融-多元金融Ⅲ,海南自贸区;化债概念(AMC概念);钒电池;融资融券;深股通,5,-27439876.6,3.3566308653333334,13551820000.0
002453,华软科技,-10.013175231,0.283,3.746,基础化工-化学制品-其他化学制品,光刻胶;融资融券,2,-20948426.0,3.623801853333333,4185172200.0
